# role=regression-only; explicitly overlaps the manually admitted common-polyphones source. NOT release dictionary input.
# Selected dictionary/sense readings, before connected-speech sandhi. This targeted list is not a general lyrics accuracy estimate.
# Taiwan readings are separate; do not generate regional expectations by script conversion.
# id locale text expected-numbered-ascii
cn-poly-001	zh-CN	着迷	zhao2 mi2
cn-poly-002	zh-CN	着急	zhao2 ji2
cn-poly-003	zh-CN	着火	zhao2 huo3
cn-poly-004	zh-CN	睡着	shui4 zhao2
cn-poly-005	zh-CN	着想	zhuo2 xiang3
cn-poly-006	zh-CN	着凉	zhao2 liang2
cn-poly-007	zh-CN	着陆	zhuo2 lu4
cn-poly-008	zh-CN	执着	zhi2 zhuo2
cn-poly-009	zh-CN	着手	zhuo2 shou3
cn-poly-010	zh-CN	着重	zhuo2 zhong4
cn-poly-011	zh-CN	着落	zhuo2 luo4
cn-poly-012	zh-CN	看着	kan4 zhe5
cn-poly-013	zh-CN	活着	huo2 zhe5
cn-poly-014	zh-CN	音乐	yin1 yue4
cn-poly-015	zh-CN	快乐	kuai4 le4
cn-poly-016	zh-CN	乐器	yue4 qi4
cn-poly-017	zh-CN	乐观	le4 guan1
cn-poly-018	zh-CN	银行	yin2 hang2
cn-poly-019	zh-CN	行业	hang2 ye4
cn-poly-020	zh-CN	行人	xing2 ren2
cn-poly-021	zh-CN	行走	xing2 zou3
cn-poly-022	zh-CN	行李	xing2 li3
cn-poly-023	zh-CN	行程	xing2 cheng2
cn-poly-024	zh-CN	行列	hang2 lie4
cn-poly-025	zh-CN	行为	xing2 wei2
cn-poly-026	zh-CN	发行	fa1 xing2
cn-poly-027	zh-CN	内行	nei4 hang2
cn-poly-028	zh-CN	重新	chong2 xin1
cn-poly-029	zh-CN	重复	chong2 fu4
cn-poly-030	zh-CN	重要	zhong4 yao4
cn-poly-031	zh-CN	重量	zhong4 liang4
cn-poly-032	zh-CN	严重	yan2 zhong4
cn-poly-033	zh-CN	长大	zhang3 da4
cn-poly-034	zh-CN	长江	chang2 jiang1
cn-poly-035	zh-CN	长久	chang2 jiu3
cn-poly-036	zh-CN	成长	cheng2 zhang3
cn-poly-037	zh-CN	还有	hai2 you3
cn-poly-038	zh-CN	还是	hai2 shi4
cn-poly-039	zh-CN	归还	gui1 huan2
cn-poly-040	zh-CN	还乡	huan2 xiang1
cn-poly-041	zh-CN	还给	huan2 gei3
cn-poly-042	zh-CN	还好	hai2 hao3
cn-poly-043	zh-CN	得到	de2 dao4
cn-poly-044	zh-CN	获得	huo4 de2
cn-poly-045	zh-CN	难得	nan2 de2
cn-poly-046	zh-CN	觉得	jue2 de5
cn-poly-047	zh-CN	值得	zhi2 de2
cn-poly-048	zh-CN	得意	de2 yi4
cn-poly-049	zh-CN	得体	de2 ti3
cn-poly-050	zh-CN	睡觉	shui4 jiao4
cn-poly-051	zh-CN	觉醒	jue2 xing3
cn-poly-052	zh-CN	感觉	gan3 jue2
cn-poly-053	zh-CN	收藏	shou1 cang2
cn-poly-054	zh-CN	隐藏	yin3 cang2
cn-poly-055	zh-CN	西藏	xi1 zang4
cn-poly-056	zh-CN	宝藏	bao3 zang4
cn-poly-057	zh-CN	藏书	cang2 shu1
cn-poly-058	zh-CN	弹琴	tan2 qin2
cn-poly-059	zh-CN	弹奏	tan2 zou4
cn-poly-060	zh-CN	子弹	zi3 dan4
cn-poly-061	zh-CN	弹药	dan4 yao4
cn-poly-062	zh-CN	便宜	pian2 yi5
cn-poly-063	zh-CN	方便	fang1 bian4
cn-poly-064	zh-CN	便捷	bian4 jie2
cn-poly-065	zh-CN	朝代	chao2 dai4
cn-poly-066	zh-CN	朝夕	zhao1 xi1
cn-poly-067	zh-CN	朝向	chao2 xiang4
cn-poly-068	zh-CN	今朝	jin1 zhao1
cn-poly-069	zh-CN	薄弱	bo2 ruo4
cn-poly-070	zh-CN	薄荷	bo4 he5
cn-poly-071	zh-CN	单薄	dan1 bo2
cn-poly-072	zh-CN	薄纸	bao2 zhi3
cn-poly-073	zh-CN	降落	jiang4 luo4
cn-poly-074	zh-CN	投降	tou2 xiang2
cn-poly-075	zh-CN	角色	jue2 se4
cn-poly-076	zh-CN	角落	jiao3 luo4
cn-poly-077	zh-CN	主角	zhu3 jue2
cn-poly-078	zh-CN	调整	tiao2 zheng3
cn-poly-079	zh-CN	调节	tiao2 jie2
cn-poly-080	zh-CN	调查	diao4 cha2
cn-poly-081	zh-CN	调动	diao4 dong4
cn-poly-082	zh-CN	曲调	qu3 diao4
cn-poly-083	zh-CN	歌曲	ge1 qu3
cn-poly-084	zh-CN	弯曲	wan1 qu1
cn-poly-085	zh-CN	曲折	qu1 zhe2
cn-poly-086	zh-CN	数学	shu4 xue2
cn-poly-087	zh-CN	数目	shu4 mu4
cn-poly-088	zh-CN	种植	zhong4 zhi2
cn-poly-089	zh-CN	种类	zhong3 lei4
cn-poly-090	zh-CN	为你	wei4 ni3
cn-poly-091	zh-CN	因为	yin1 wei4
cn-poly-092	zh-CN	成为	cheng2 wei2
cn-poly-093	zh-CN	测量	ce4 liang2
cn-poly-094	zh-CN	力量	li4 liang4
cn-poly-095	zh-CN	钻石	zuan4 shi2
cn-poly-096	zh-CN	钻研	zuan1 yan2
cn-poly-097	zh-CN	传奇	chuan2 qi2
cn-poly-098	zh-CN	传记	zhuan4 ji4
cn-poly-099	zh-CN	相似	xiang1 si4
cn-poly-100	zh-CN	似的	shi4 de5
cn-poly-101	zh-CN	落叶	luo4 ye4
cn-poly-102	zh-CN	丢三落四	diu1 san1 la4 si4
cn-poly-103	zh-CN	应当	ying1 dang1
cn-poly-104	zh-CN	对应	dui4 ying4
cn-poly-105	zh-CN	要求	yao1 qiu2
cn-poly-106	zh-CN	需要	xu1 yao4
cn-poly-107	zh-CN	扁舟	pian1 zhou1
cn-poly-108	zh-CN	扁平	bian3 ping2
cn-poly-109	zh-CN	停泊	ting2 bo2
cn-poly-110	zh-CN	湖泊	hu2 po1
cn-poly-111	zh-CN	使劲	shi3 jin4
cn-poly-112	zh-CN	遒劲	qiu2 jing4
cn-poly-113	zh-CN	吞咽	tun1 yan4
cn-poly-114	zh-CN	咽喉	yan1 hou2
cn-poly-115	zh-CN	呜咽	wu1 ye4
cn-poly-116	zh-CN	结实	jie1 shi5
cn-poly-117	zh-CN	结婚	jie2 hun1
cn-poly-118	zh-CN	省略	sheng3 lve4
cn-poly-119	zh-CN	反省	fan3 xing3
cn-poly-120	zh-CN	都市	du1 shi4
cn-poly-121	zh-CN	都是	dou1 shi4
cn-poly-122	zh-CN	参加	can1 jia1
cn-poly-123	zh-CN	人参	ren2 shen1
cn-poly-124	zh-CN	参差	cen1 ci1
cn-poly-125	zh-CN	切断	qie1 duan4
cn-poly-126	zh-CN	一切	yi1 qie4
tw-poly-001	zh-TW	著迷	zhao2 mi2
tw-poly-002	zh-TW	著急	zhao1 ji2
tw-poly-003	zh-TW	著火	zhao2 huo3
tw-poly-004	zh-TW	睡著	shui4 zhao2
tw-poly-005	zh-TW	著想	zhao2 xiang3
tw-poly-006	zh-TW	著涼	zhao1 liang2
tw-poly-007	zh-TW	著陸	zhuo2 lu4
tw-poly-008	zh-TW	執著	zhi2 zhuo2
tw-poly-009	zh-TW	著手	zhuo2 shou3
tw-poly-010	zh-TW	著重	zhuo2 zhong4
tw-poly-011	zh-TW	看著	kan4 zhe5
tw-poly-012	zh-TW	活著	huo2 zhe5
tw-poly-013	zh-TW	音樂	yin1 yue4
tw-poly-014	zh-TW	快樂	kuai4 le4
tw-poly-015	zh-TW	樂器	yue4 qi4
tw-poly-016	zh-TW	銀行	yin2 hang2
tw-poly-017	zh-TW	行業	hang2 ye4
tw-poly-018	zh-TW	行人	xing2 ren2
tw-poly-019	zh-TW	行李	xing2 li3
tw-poly-020	zh-TW	行列	hang2 lie4
tw-poly-021	zh-TW	行為	xing2 wei2
tw-poly-022	zh-TW	重新	chong2 xin1
tw-poly-023	zh-TW	重複	chong2 fu4
tw-poly-024	zh-TW	重要	zhong4 yao4
tw-poly-025	zh-TW	重量	zhong4 liang4
tw-poly-026	zh-TW	長大	zhang3 da4
tw-poly-027	zh-TW	長久	chang2 jiu3
tw-poly-028	zh-TW	成長	cheng2 zhang3
tw-poly-029	zh-TW	還有	hai2 you3
tw-poly-030	zh-TW	歸還	gui1 huan2
tw-poly-031	zh-TW	還鄉	huan2 xiang1
tw-poly-032	zh-TW	得到	de2 dao4
tw-poly-033	zh-TW	難得	nan2 de2
tw-poly-034	zh-TW	值得	zhi2 de2
tw-poly-035	zh-TW	睡覺	shui4 jiao4
tw-poly-036	zh-TW	覺醒	jue2 xing3
tw-poly-037	zh-TW	收藏	shou1 cang2
tw-poly-038	zh-TW	隱藏	yin3 cang2
tw-poly-039	zh-TW	西藏	xi1 zang4
tw-poly-040	zh-TW	寶藏	bao3 zang4
tw-poly-041	zh-TW	彈琴	tan2 qin2
tw-poly-042	zh-TW	子彈	zi3 dan4
tw-poly-043	zh-TW	方便	fang1 bian4
tw-poly-044	zh-TW	便宜	pian2 yi2
tw-poly-045	zh-TW	朝代	chao2 dai4
tw-poly-046	zh-TW	朝夕	zhao1 xi4
tw-poly-047	zh-TW	薄弱	bo2 ruo4
tw-poly-048	zh-TW	降落	jiang4 luo4
tw-poly-049	zh-TW	投降	tou2 xiang2
tw-poly-050	zh-TW	角色	jiao3 se4
tw-poly-051	zh-TW	主角	zhu3 jiao3
tw-poly-052	zh-TW	調整	tiao2 zheng3
tw-poly-053	zh-TW	調查	diao4 cha2
tw-poly-054	zh-TW	曲調	qu3 diao4
tw-poly-055	zh-TW	彎曲	wan1 qu1
tw-poly-056	zh-TW	數學	shu4 xue2
tw-poly-057	zh-TW	種植	zhong4 zhi2
tw-poly-058	zh-TW	為你	wei4 ni3
tw-poly-059	zh-TW	因為	yin1 wei4
tw-poly-060	zh-TW	成為	cheng2 wei2
tw-poly-061	zh-TW	鑽石	zuan4 shi2
tw-poly-062	zh-TW	鑽研	zuan1 yan2
tw-poly-063	zh-TW	傳記	zhuan4 ji4
tw-poly-064	zh-TW	似的	si4 de5
tw-poly-065	zh-TW	湖泊	hu2 bo2
tw-poly-066	zh-TW	反省	fan3 xing3
tw-poly-067	zh-TW	人參	ren2 shen1
tw-poly-068	zh-TW	參差	cen1 ci1
tw-poly-069	zh-TW	一切	yi1 qie4
