# role=validation-only; web review candidates, NEVER release dictionary input.
# Sources and regional review scope: mandarin-web-candidates.sources.json.
# Manually selected pronunciation facts only; no definitions, examples or bulk dictionary conversion.
# id locale text expected-numbered-ascii
web-cn-001	zh-CN	屏息	bing3 xi1
web-cn-002	zh-CN	暖和	nuan3 huo5
web-cn-003	zh-CN	漂泊	piao1 bo2
web-cn-004	zh-CN	附和	fu4 he4
web-cn-005	zh-CN	称心	chen4 xin1
web-cn-006	zh-CN	执拗	zhi2 niu4
web-cn-007	zh-CN	倔强	jue2 jiang4
web-cn-008	zh-CN	模样	mu2 yang4
web-cn-009	zh-CN	宁愿	ning4 yuan4
web-cn-010	zh-CN	理发	li3 fa4
web-cn-011	zh-CN	颤栗	zhan4 li4
web-cn-012	zh-CN	提防	di1 fang5
web-cn-013	zh-CN	挨近	ai1 jin4
web-cn-014	zh-CN	挨打	ai2 da3
web-cn-015	zh-CN	拗口	ao4 kou3
web-cn-016	zh-CN	屏风	ping2 feng1
web-cn-017	zh-CN	剥削	bo1 xue1
web-cn-018	zh-CN	血泊	xue4 po1
web-cn-019	zh-CN	颠簸	dian1 bo3
web-cn-020	zh-CN	簸箕	bo4 ji5
web-cn-021	zh-CN	偏差	pian1 cha1
web-cn-022	zh-CN	差错	cha1 cuo4
web-cn-023	zh-CN	处理	chu3 li3
web-cn-024	zh-CN	创伤	chuang1 shang1
web-cn-025	zh-CN	创作	chuang4 zuo4
web-cn-026	zh-CN	伺候	ci4 hou5
web-cn-027	zh-CN	答应	da1 ying5
web-cn-028	zh-CN	答复	da2 fu4
web-cn-029	zh-CN	大夫	dai4 fu5
web-cn-030	zh-CN	逮捕	dai4 bu3
web-cn-031	zh-CN	的确	di2 que4
web-cn-032	zh-CN	供给	gong1 ji3
web-cn-033	zh-CN	给予	ji3 yu3
web-cn-034	zh-CN	更生	geng1 sheng1
web-cn-035	zh-CN	冠军	guan4 jun1
web-cn-036	zh-CN	唱和	chang4 he4
web-cn-037	zh-CN	搅和	jiao3 huo5
web-cn-038	zh-CN	混合	hun4 he2
web-cn-039	zh-CN	奇数	ji1 shu4
web-cn-040	zh-CN	茶几	cha2 ji1
web-cn-041	zh-CN	间接	jian4 jie1
web-cn-042	zh-CN	间断	jian4 duan4
web-cn-043	zh-CN	间隙	jian4 xi4
web-cn-044	zh-CN	咀嚼	ju3 jue2
web-cn-045	zh-CN	转脸	zhuan3 lian3
web-cn-046	zh-CN	转速	zhuan4 su4
web-cn-047	zh-CN	皇冠	huang2 guan1
web-cn-048	zh-CN	撇开	pie1 kai1
web-cn-049	zh-CN	撇嘴	pie3 zui3
web-cn-050	zh-CN	模型	mo2 xing2
web-cn-051	zh-CN	强求	qiang3 qiu2
web-cn-052	zh-CN	勉强	mian3 qiang3
web-cn-053	zh-CN	旋转	xuan2 zhuan3
web-cn-054	zh-CN	仿佛	fang3 fu2
web-cn-055	zh-CN	变更	bian4 geng1
web-cn-056	zh-CN	显得	xian3 de5
web-cn-057	zh-CN	懂得	dong3 de5
web-cn-058	zh-CN	总得	zong3 dei3
web-cn-059	zh-CN	假日	jia4 ri4
web-cn-060	zh-CN	关卡	guan1 qia3
web-cn-061	zh-CN	卡壳	qia3 ke2
web-cn-062	zh-CN	兴奋	xing1 fen4
web-cn-063	zh-CN	高兴	gao1 xing4
web-cn-064	zh-CN	兴趣	xing4 qu4
web-cn-065	zh-CN	应用	ying4 yong4
web-cn-066	zh-CN	累赘	lei2 zhui4
web-cn-067	zh-CN	折腾	zhe1 teng5
web-cn-068	zh-CN	折磨	zhe2 mo2
web-cn-069	zh-CN	别扭	bie4 niu5
web-cn-070	zh-CN	扫帚	sao4 zhou5
web-cn-071	zh-CN	占卜	zhan1 bu3
web-cn-072	zh-CN	慰藉	wei4 jie4
web-cn-073	zh-CN	殷红	yan1 hong2
web-cn-074	zh-CN	憎恶	zeng1 wu4
web-cn-075	zh-CN	载体	zai4 ti3
web-cn-076	zh-CN	在行	zai4 hang2
web-cn-077	zh-CN	眩晕	xuan4 yun4
web-cn-078	zh-CN	缝合	feng2 he2
web-cn-079	zh-CN	伺机	si4 ji1
web-cn-080	zh-CN	威吓	wei1 he4
web-tw-001	zh-TW	倔強	jue2 jiang4
web-tw-002	zh-TW	模樣	mo2 yang4
web-tw-003	zh-TW	捨得	she3 de5
web-tw-004	zh-TW	露面	lou4 mian4
web-tw-005	zh-TW	折磨	zhe2 mo2
web-tw-006	zh-TW	空白	kong4 bai2
